Study,Study_Type,Predictor,Outcome,Feedback_Type,Attribution_Type,Setting,Condition,Design,Score_type,Point_Transformation,N,Cohens_d,Hedges_g,r_effect,Fisher_z,SE_z,VI_z,CI_lower_z,CI_upper_z,CI_lower_r,CI_upper_r,Control_Setting
"Jain et al., 2007",Experimental,Feedback_Attributional,Self-Efficacy,Attributional,,Individual,Ability,between_groups,change_scores,cohen_d_to_fisher_z,96,1.5144809944667712,1.502365146511037,0.603687858585305,0.6989295154770795,0.10369516947304253,0.010752688172043012,0.4956907179391389,0.9021683130150201,0.4587213908661797,0.7173520205363604,Individual
"Jain et al., 2007",Experimental,Feedback_Attributional,Self-Efficacy,Attributional,,Individual,Ability_Effort,between_groups,change_scores,cohen_d_to_fisher_z,96,1.4773557958298857,1.4655369494632466,0.5941556383319788,0.6840648771154136,0.10369516947304253,0.010752688172043012,0.48082607957747303,0.8873036746533542,0.44690494588422475,0.7100594094168989,Individual
"Jain et al., 2007",Experimental,Feedback_Attributional,Self-Efficacy,Attributional,,Individual,Effort,between_groups,change_scores,cohen_d_to_fisher_z,96,2.484357269806961,2.4644824116485053,0.7789511313820856,1.0426977077676085,0.10369516947304253,0.010752688172043012,0.8394589102296679,1.2459365053055491,0.6855223590495297,0.8471402406368371,Individual
Schunk (1984a),Experimental,Feedback_Attributional,Self-Efficacy,Attributional,,Individual,Ability_Ability,within_groups,change_scores,cohen_d_to_fisher_z,24,6.687765446106387,6.467289662168814,0.9894558144430263,2.620020922145027,0.21821789023599236,0.047619047619047616,2.192321716500167,3.0477201277898867,0.9753723752309651,0.9955038943074173,
Schunk (1984a),Experimental,Feedback_Attributional,Self-Efficacy,Attributional,,Individual,Ability_Effort,within_groups,change_scores,cohen_d_to_fisher_z,24,7.664144863130284,7.411480746763352,0.9919409405892033,2.7550339690550048,0.21821789023599236,0.047619047619047616,2.327334763410145,3.1827331746998646,0.9811453253203565,0.9965660278637443,
Schunk (1984a),Experimental,Feedback_Attributional,Self-Efficacy,Attributional,,Individual,Effort_Ability,within_groups,change_scores,cohen_d_to_fisher_z,24,2.95168159996536,2.8543734153511173,0.9491596316738882,1.8232314547241262,0.21821789023599236,0.047619047619047616,1.3955322490792663,2.250930660368986,0.8843821042445479,0.9780665290191088,
Schunk (1984a),Experimental,Feedback_Attributional,Self-Efficacy,Attributional,,Individual,Effort_Effort,within_groups,change_scores,cohen_d_to_fisher_z,24,4.405962589505304,4.260711075565569,0.9761944628438463,2.2095050392991618,0.21821789023599236,0.047619047619047616,1.781805833654302,2.6372042449440216,0.9448890437073074,0.9898102118974005,
Schunk (1984b),Experimental,Feedback_Attributional,Attributions_Success_Ability,Attributional,Adaptive,Individual,Ability_Ability,within_groups,change_scores,cohen_d_to_fisher_z,10,3.942016105828532,3.604129011043229,0.9722416260270542,2.1316942483032135,0.3779644730092272,0.14285714285714285,1.390897493769467,2.87249100283696,0.883368189343097,0.9936228150663905,
Schunk (1984b),Experimental,Feedback_Attributional,Attributions_Success_Ability,Attributional,Adaptive,Individual,Ability_Effort,within_groups,change_scores,cohen_d_to_fisher_z,10,2.1040088327645097,1.9236652185275516,0.9116165389576588,1.5370098293503036,0.3779644730092272,0.14285714285714285,0.796213074816557,2.2778065838840504,0.6619143431425561,0.9792024318795097,
Schunk (1984b),Experimental,Feedback_Attributional,Attributions_Success_Ability,Attributional,Adaptive,Individual,Effort_Ability,within_groups,change_scores,cohen_d_to_fisher_z,10,1.2121718088783613,1.1082713681173588,0.7874964561340959,1.0648063133712211,0.3779644730092272,0.14285714285714285,0.3240095588374745,1.8056030679049677,0.3131278732729038,0.9473831894754844,
Schunk (1984b),Experimental,Feedback_Attributional,Attributions_Success_Ability,Attributional,Adaptive,Individual,Effort_Effort,within_groups,change_scores,cohen_d_to_fisher_z,10,1.268388676164575,1.15966964677904,0.8007897110042234,1.1008097903024872,0.3779644730092272,0.14285714285714285,0.36001303576874055,1.8416065448362338,0.3452255163444492,0.9509491178492562,
Schunk (1984b),Experimental,Feedback_Attributional,Attributions_Success_Effort,Attributional,Adaptive,Individual,Ability_Ability,within_groups,change_scores,cohen_d_to_fisher_z,10,-0.5508993887912397,-0.503679441180562,-0.502170299257695,-0.5522040776999374,0.3779644730092272,0.14285714285714285,-1.293000832233684,0.1885926768338092,-0.8599104376318357,0.18638813099327486,
Schunk (1984b),Experimental,Feedback_Attributional,Attributions_Success_Effort,Attributional,Adaptive,Individual,Ability_Effort,within_groups,change_scores,cohen_d_to_fisher_z,10,-0.3091633679874648,-0.2826636507313964,-0.3098485830098972,-0.32037790279803363,0.3779644730092272,0.14285714285714285,-1.0611746573317802,0.420418851735713,-0.7861130235957781,0.39728323339603083,
Schunk (1984b),Experimental,Feedback_Attributional,Attributions_Success_Effort,Attributional,Adaptive,Individual,Effort_Ability,within_groups,change_scores,cohen_d_to_fisher_z,10,-0.40437289951289407,-0.3697123652689317,-0.39211163909705,-0.41429289500432753,0.3779644730092272,0.14285714285714285,-1.1550896495380742,0.32650385952941907,-0.8194331652567581,0.3153758497037388,
Schunk (1984b),Experimental,Feedback_Attributional,Attributions_Success_Effort,Attributional,Adaptive,Individual,Effort_Effort,within_groups,change_scores,cohen_d_to_fisher_z,10,-0.08346675492631479,-0.07631246164691638,-0.08764312579762047,-0.08786857063333128,0.3779644730092272,0.14285714285714285,-0.8286653251670779,0.6529281839004153,-0.6797586982077936,0.5736379004492282,
Schunk (1984b),Experimental,Feedback_Attributional,Attributions_Success_Luck,Attributional,Maladaptive,Individual,Ability_Ability,within_groups,change_scores,cohen_d_to_fisher_z,10,-1.4623780376121636,-1.337031348673978,-0.8389314902948312,-1.2175550847676913,0.3779644730092272,0.14285714285714285,-1.9583518393014379,-0.47675833023394465,-0.9609638663403148,-0.44364371323665874,
Schunk (1984b),Experimental,Feedback_Attributional,Attributions_Success_Luck,Attributional,Maladaptive,Individual,Ability_Effort,within_groups,change_scores,cohen_d_to_fisher_z,10,-1.8074663651937688,-1.6525406767485886,-0.8854455894907551,-1.400434773934337,0.3779644730092272,0.14285714285714285,-2.141231528468084,-0.6596380194005904,-0.9727589435384371,-0.5781224660562544,
Schunk (1984b),Experimental,Feedback_Attributional,Attributions_Success_Luck,Attributional,Maladaptive,Individual,Effort_Ability,within_groups,change_scores,cohen_d_to_fisher_z,10,-1.2672667489147957,-1.158643884722099,-0.8005353941265498,-1.1001012672084103,0.3779644730092272,0.14285714285714285,-1.8408980217421569,-0.3593045126746637,-0.9508812694796751,-0.34460128291512254,
Schunk (1984b),Experimental,Feedback_Attributional,Attributions_Success_Luck,Attributional,Maladaptive,Individual,Effort_Effort,within_groups,change_scores,cohen_d_to_fisher_z,10,-1.8082373264747833,-1.6532455556340875,-0.885527122265912,-1.4008123909996892,0.3779644730092272,0.14285714285714285,-2.141609145533436,-0.6600156364659426,-0.9727792292412711,-0.578373818952223,
Schunk (1984b),Experimental,Feedback_Attributional,Attributions_Success_Task_Ease,Attributional,Maladaptive,Individual,Ability_Ability,within_groups,change_scores,cohen_d_to_fisher_z,10,1.3589066709467865,1.2424289562942048,0.8199545142849451,1.1566786351115441,0.3779644730092272,0.14285714285714285,0.4158818805777975,1.8974753896452907,0.3934554772730401,0.9560208038573392,
Schunk (1984b),Experimental,Feedback_Attributional,Attributions_Success_Task_Ease,Attributional,Maladaptive,Individual,Ability_Effort,within_groups,change_scores,cohen_d_to_fisher_z,10,0.5898675691152181,0.539307491762485,0.5280280749430528,0.5874069201032768,0.3779644730092272,0.14285714285714285,-0.15338983443046983,1.3282036746370234,-0.15219804167993012,0.8688096150495321,
Schunk (1984b),Experimental,Feedback_Attributional,Attributions_Success_Task_Ease,Attributional,Maladaptive,Individual,Effort_Ability,within_groups,change_scores,cohen_d_to_fisher_z,10,0.4748827960941212,0.4341785564289108,0.44762161448656007,0.4817219651947321,0.3779644730092272,0.14285714285714285,-0.2590747893390145,1.2225187197284786,-0.25342994843461125,0.840395580249405,
Schunk (1984b),Experimental,Feedback_Attributional,Attributions_Success_Task_Ease,Attributional,Maladaptive,Individual,Effort_Effort,within_groups,change_scores,cohen_d_to_fisher_z,10,0.2675265601542044,0.24459571214098688,0.2714124431583369,0.2783879575872552,0.3779644730092272,0.14285714285714285,-0.4624087969464914,1.0191847121210018,-0.43204541175819955,0.7695342561719059,
Schunk (1984b),Experimental,Feedback_Attributional,Self-Efficacy,Attributional,,Individual,Ability_Ability,within_groups,change_scores,cohen_d_to_fisher_z,10,5.289409878277457,4.836031888710818,0.9842937835502249,2.419480883533975,0.3779644730092272,0.14285714285714285,1.6786841290002283,3.1602776380677216,0.9326905839787135,0.9964085721427477,
Schunk (1984b),Experimental,Feedback_Attributional,Self-Efficacy,Attributional,,Individual,Ability_Effort,within_groups,change_scores,cohen_d_to_fisher_z,10,4.886037916499274,4.4672346665136216,0.981667286931962,2.3415033850595024,0.3779644730092272,0.14285714285714285,1.6007066305257558,3.082300139593249,0.9217748521859789,0.9958037056886527,
Schunk (1984b),Experimental,Feedback_Attributional,Self-Efficacy,Attributional,,Individual,Effort_Ability,within_groups,change_scores,cohen_d_to_fisher_z,10,2.371439389687556,2.1681731562857656,0.9284621712994972,1.6471258896615066,0.3779644730092272,0.14285714285714285,0.90632913512776,2.3879226441952532,0.7193656869221382,0.9832790644731149,
Schunk (1984b),Experimental,Feedback_Attributional,Self-Efficacy,Attributional,,Individual,Effort_Effort,within_groups,change_scores,cohen_d_to_fisher_z,10,4.093580925728303,3.742702560665877,0.9741816475071703,2.1684118298974266,0.3779644730092272,0.14285714285714285,1.42761507536368,2.9092085844311733,0.8911768141921192,0.9940730046801936,
Schunk (1984b),Experimental,Feedback_Attributional,Skill,Attributional,,Individual,Ability_Ability,within_groups,change_scores,cohen_d_to_fisher_z,10,6.834257143762644,6.248463674297274,0.990502521535268,2.6725580353071865,0.3779644730092272,0.14285714285714285,1.93176128077344,3.413354789840933,0.9588755301854669,0.9978335084823318,
Schunk (1984b),Experimental,Feedback_Attributional,Skill,Attributional,,Individual,Ability_Effort,within_groups,change_scores,cohen_d_to_fisher_z,10,7.300862528492256,6.675074311764348,0.991663061995204,2.7380146375024146,0.3779644730092272,0.14285714285714285,1.997217882968668,3.478811392036161,0.9638304931266126,0.998099097502167,
Schunk (1984b),Experimental,Feedback_Attributional,Skill,Attributional,,Individual,Effort_Ability,within_groups,change_scores,cohen_d_to_fisher_z,10,2.10839424175357,1.9276747353175498,0.9119367373384424,1.538908277909377,0.3779644730092272,0.14285714285714285,0.7981115233756304,2.2797050324431236,0.6629796833025027,0.9792804318602581,
Schunk (1984b),Experimental,Feedback_Attributional,Skill,Attributional,,Individual,Effort_Effort,within_groups,change_scores,cohen_d_to_fisher_z,10,1.8493912655443738,1.6908720142119988,0.8897632428999159,1.4207882208968727,0.3779644730092272,0.14285714285714285,0.6799914663631261,2.1615849754306193,0.591513847645478,0.973831357737737,
Schunk & Cox (1986),Experimental,Feedback_Attributional,Attributions_Success_Ability,Attributional,Adaptive,Individual,Effort_Performance,between_groups,change_scores,cohen_d_to_fisher_z,60,0.23599595006510146,0.23293106759672352,0.11718498134431636,0.11772585204877738,0.13245323570650439,0.017543859649122806,-0.14187771957176593,0.3773294236693207,-0.14093335679004954,0.3603859803135264,Individual
Schunk & Cox (1986),Experimental,Feedback_Attributional,Attributions_Success_Ability,Attributional,Adaptive,Individual,Performance_Effort,between_groups,change_scores,cohen_d_to_fisher_z,60,0.23586939376347854,0.23280615488343337,0.11712300145760501,0.11766300964644674,0.13245323570650439,0.017543859649122806,-0.14194056197409657,0.3772665812669901,-0.1409949504577308,0.3603312985218348,Individual
Schunk & Cox (1986),Experimental,Feedback_Attributional,Attributions_Success_Effort,Attributional,Adaptive,Individual,Effort_Performance,between_groups,change_scores,cohen_d_to_fisher_z,60,1.0334134830304602,1.0199925287053893,0.459048153077654,0.49610464239798385,0.13245323570650439,0.017543859649122806,0.23650107077744054,0.7557082140185272,0.23218815289514877,0.6385420530970963,Individual
Schunk & Cox (1986),Experimental,Feedback_Attributional,Attributions_Success_Effort,Attributional,Adaptive,Individual,Performance_Effort,between_groups,change_scores,cohen_d_to_fisher_z,60,0.35388983060516765,0.3492938587791265,0.1742382808707746,0.17603434424331296,0.13245323570650439,0.017543859649122806,-0.08356922737723035,0.43563791586385625,-0.08337522527998205,0.41002220535390677,Individual
Schunk & Cox (1986),Experimental,Feedback_Attributional,Attributions_Success_Luck,Attributional,Maladaptive,Individual,Effort_Performance,between_groups,change_scores,cohen_d_to_fisher_z,60,-0.8188952366431184,-0.8082602335698311,-0.3789156124247921,-0.39879285932176767,0.13245323570650439,0.017543859649122806,-0.6583964309423109,-0.13918928770122435,-0.5772952548887211,-0.13829733070829436,Individual
Schunk & Cox (1986),Experimental,Feedback_Attributional,Attributions_Success_Luck,Attributional,Maladaptive,Individual,Performance_Effort,between_groups,change_scores,cohen_d_to_fisher_z,60,-0.9209711329203912,-0.9090104688564901,-0.41826959841247524,-0.44559285097233203,0.13245323570650439,0.017543859649122806,-0.7051964225928753,-0.18598927935178872,-0.607655796477519,-0.18387396263258,Individual
Schunk & Cox (1986),Experimental,Feedback_Attributional,Attributions_Success_Task_Ease,Attributional,Maladaptive,Individual,Effort_Performance,between_groups,change_scores,cohen_d_to_fisher_z,60,-0.30649183726724144,-0.3025114237962383,-0.15147756731905962,-0.15265235771636634,0.13245323570650439,0.017543859649122806,-0.4122559293369097,0.10695121390417697,-0.3903864845069518,0.10654528174586554,Individual
Schunk & Cox (1986),Experimental,Feedback_Attributional,Attributions_Success_Task_Ease,Attributional,Maladaptive,Individual,Performance_Effort,between_groups,change_scores,cohen_d_to_fisher_z,60,-0.43479041360908033,-0.4291437848609104,-0.2124332856307644,-0.21571825768339403,0.13245323570650439,0.017543859649122806,-0.47532182930393735,0.043885313937149284,-0.4424892090872261,0.04385716241132037,Individual
Schunk & Cox (1986),Experimental,Feedback_Attributional,Self-Efficacy,Attributional,,Individual,Effort_Performance,between_groups,change_scores,cohen_d_to_fisher_z,60,0.8197316513486497,0.8090857857467192,0.37924699415652235,0.39917985308234905,0.13245323570650439,0.017543859649122806,0.13957628146180573,0.6587834247028923,0.1386769024338063,0.5775532176674777,Individual
Schunk & Cox (1986),Experimental,Feedback_Attributional,Self-Efficacy,Attributional,,Individual,Performance_Effort,between_groups,change_scores,cohen_d_to_fisher_z,60,0.6654030507683473,0.6567614527064207,0.3156881656091624,0.32685070780895775,0.13245323570650439,0.017543859649122806,0.06724713618841444,0.5864542794295011,0.06714595138988813,0.5273406979335491,Individual
Schunk & Cox (1986),Experimental,Feedback_Attributional,Skill,Attributional,,Individual,Effort_Performance,between_groups,change_scores,cohen_d_to_fisher_z,60,0.7448242193142122,0.7351511775049366,0.34899635606763096,0.36430045768139524,0.13245323570650439,0.017543859649122806,0.10469688606085192,0.6239040293019386,0.104316013132979,0.5538403900152449,Individual
Schunk & Cox (1986),Experimental,Feedback_Attributional,Skill,Attributional,,Individual,Performance_Effort,between_groups,change_scores,cohen_d_to_fisher_z,60,0.5928698813729298,0.5851702725239307,0.28421052631578964,0.2922566697785751,0.13245323570650439,0.017543859649122806,0.0326530981580318,0.5518602413991185,0.03264149792416168,0.5019131254846716,Individual
Craven et al. (1991),Experimental,Feedback_Attributional,Attributions_Failure_Ability,Attributional,Maladaptive,Small_Groups,Researcher,between_groups,post,cohen_d_to_fisher_z,106,-0.17481239661039716,-0.17354869253851476,-0.08707421448895765,-0.08729528425235951,0.0985329278164293,0.009708737864077669,-0.28041627406384584,0.1058257055591268,-0.2732903079219954,0.10543241707354051,Classroom
Craven et al. (1991),Experimental,Feedback_Attributional,Attributions_Failure_Ability,Attributional,Maladaptive,Classroom,Teacher,between_groups,post,cohen_d_to_fisher_z,106,0.010460457067104958,0.010384839305174079,0.005230156997809643,0.00523020468810918,0.0985329278164293,0.009708737864077669,-0.18789078512337715,0.19835119449959548,-0.18571053484188024,0.19579023286429967,Classroom
Craven et al. (1991),Experimental,Feedback_Attributional,Attributions_Failure_Ability,Attributional,Maladaptive,Classroom,Teacher_Researcher,between_groups,post,cohen_d_to_fisher_z,106,-0.20920914134209403,-0.2076967861034765,-0.10403692717823843,-0.10441473802579873,0.0985329278164293,0.009708737864077669,-0.29753572783728505,0.08870625178568758,-0.28905585040984955,0.08847431123752818,Classroom
Craven et al. (1991),Experimental,Feedback_Attributional,Attributions_Failure_Effort,Attributional,Adaptive,Small_Groups,Researcher,between_groups,post,cohen_d_to_fisher_z,106,-0.3448885972415585,-0.3423954266590894,-0.16993611041480178,-0.17160087329284782,0.0985329278164293,0.009708737864077669,-0.36472186310433413,0.0215201165186385,-0.34936638051946123,0.021516795034698687,Classroom
Craven et al. (1991),Experimental,Feedback_Attributional,Attributions_Failure_Effort,Attributional,Adaptive,Classroom,Teacher,between_groups,post,cohen_d_to_fisher_z,106,-0.09775681319335063,-0.09705013743532641,-0.04882012334208785,-0.048858964935334426,0.0985329278164293,0.009708737864077669,-0.24197995474682074,0.1442620248761519,-0.23736502543217886,0.14326951507736022,Classroom
Craven et al. (1991),Experimental,Feedback_Attributional,Attributions_Failure_Effort,Attributional,Adaptive,Classroom,Teacher_Researcher,between_groups,post,cohen_d_to_fisher_z,106,-0.29883778368724867,-0.29667751055216013,-0.14777834791139258,-0.14886841673856185,0.0985329278164293,0.009708737864077669,-0.34198940655004817,0.04425257307292446,-0.3292522958632621,0.044223709221827036,Classroom
Craven et al. (1991),Experimental,Feedback_Attributional,Attributions_Failure_External,Attributional,Maladaptive,Small_Groups,Researcher,between_groups,post,cohen_d_to_fisher_z,106,-0.5518570191424989,-0.547867691293276,-0.2659885154793444,-0.272541928091825,0.0985329278164293,0.009708737864077669,-0.46566291790331127,-0.07942093828033867,-0.4346883828048164,-0.07925437109714066,Classroom
Craven et al. (1991),Experimental,Feedback_Attributional,Attributions_Failure_External,Attributional,Maladaptive,Classroom,Teacher,between_groups,post,cohen_d_to_fisher_z,106,-0.2875632734806582,-0.2854845028289908,-0.14231807997879836,-0.14329078607237586,0.0985329278164293,0.009708737864077669,-0.3364117758838622,0.04983020373911046,-0.3242702221654394,0.04978900104603118,Classroom
Craven et al. (1991),Experimental,Feedback_Attributional,Attributions_Failure_External,Attributional,Maladaptive,Classroom,Teacher_Researcher,between_groups,post,cohen_d_to_fisher_z,106,-0.4173743237192007,-0.41435715993327876,-0.2042862011628772,-0.20720136711805776,0.0985329278164293,0.009708737864077669,-0.4003223569295441,-0.01408037730657144,-0.38022474955934904,-0.014079446869118668,Classroom
Craven et al. (1991),Experimental,Feedback_Attributional,Attributions_Success_Ability,Attributional,Adaptive,Small_Groups,Researcher,between_groups,post,cohen_d_to_fisher_z,106,0.35967707787197084,0.3570770026102458,0.1769990715474835,0.17888299481100584,0.0985329278164293,0.009708737864077669,-0.01423799500048048,0.3720039846224922,-0.014237032967327022,0.3557433325874466,Classroom
Craven et al. (1991),Experimental,Feedback_Attributional,Attributions_Success_Ability,Attributional,Adaptive,Classroom,Teacher,between_groups,post,cohen_d_to_fisher_z,106,-0.17390298032779047,-0.1726458503495173,-0.08662464132058718,-0.08684229425268132,0.0985329278164293,0.009708737864077669,-0.27996328406416765,0.106278695558805,-0.2728710987862913,0.10588035021499245,Classroom
Craven et al. (1991),Experimental,Feedback_Attributional,Attributions_Success_Ability,Attributional,Adaptive,Classroom,Teacher_Researcher,between_groups,post,cohen_d_to_fisher_z,106,0.14237369936287497,0.14134449189760118,0.0710071602496727,0.07112686234799949,0.0985329278164293,0.009708737864077669,-0.12199412746348683,0.2642478521594858,-0.1213925133706513,0.25826438119164213,Classroom
Craven et al. (1991),Experimental,Feedback_Attributional,Attributions_Success_Effort,Attributional,Adaptive,Small_Groups,Researcher,between_groups,post,cohen_d_to_fisher_z,106,0.4588691659734369,0.4555520394724241,0.22362425089601026,0.22746790781393017,0.0985329278164293,0.009708737864077669,0.034346918002443855,0.4205888976254165,0.03433341789646326,0.39742643059303445,Classroom
Craven et al. (1991),Experimental,Feedback_Attributional,Attributions_Success_Effort,Attributional,Adaptive,Classroom,Teacher,between_groups,post,cohen_d_to_fisher_z,106,-0.12148858061010856,-0.12061034990690296,-0.060632530264115046,-0.06070699578696417,0.0985329278164293,0.009708737864077669,-0.2538279855984505,0.13241399402452214,-0.24851363769614648,0.13164549130219308,Classroom
Craven et al. (1991),Experimental,Feedback_Attributional,Attributions_Success_Effort,Attributional,Adaptive,Classroom,Teacher_Researcher,between_groups,post,cohen_d_to_fisher_z,106,0.3323921549842466,0.32998932012893883,0.16394729492255508,0.16544034627079482,0.0985329278164293,0.009708737864077669,-0.027680643540691496,0.35856133608228113,-0.027673575904132126,0.34394619092772827,Classroom
Craven et al. (1991),Experimental,Feedback_Attributional,Attributions_Success_External,Attributional,Maladaptive,Small_Groups,Researcher,between_groups,post,cohen_d_to_fisher_z,106,-0.10118705691875722,-0.1004555842181397,-0.050528900247851866,-0.05057196919791046,0.0985329278164293,0.009708737864077669,-0.24369295900939678,0.14254902061357586,-0.23898085675326533,0.14159126196649804,Classroom
Craven et al. (1991),Experimental,Feedback_Attributional,Attributions_Success_External,Attributional,Maladaptive,Classroom,Teacher,between_groups,post,cohen_d_to_fisher_z,106,-0.020566164307105575,-0.020417493239825293,-0.01028253852096783,-0.010282900936942934,0.0985329278164293,0.009708737864077669,-0.20340389074842924,0.1828380888745434,-0.20064439660834704,0.180827557682369,Classroom
Craven et al. (1991),Experimental,Feedback_Attributional,Attributions_Success_External,Attributional,Maladaptive,Classroom,Teacher_Researcher,between_groups,post,cohen_d_to_fisher_z,106,0.3218478465610187,0.3195212356220234,0.1588798554419819,0.16023733338636942,0.0985329278164293,0.009708737864077669,-0.0328836564251169,0.35335832319785576,-0.03287180880158552,0.33935050640562103,Classroom
"Koenka, 2022",Experimental,Feedback_Performance,Self-Efficacy,Performance,,Classroom,Grades_Written_Comments,between_groups,change_scores,cohen_d_to_fisher_z,91,-0.396196639678603,-0.39284849906160074,-0.19432212444117386,-0.19682501951227613,0.10660035817780522,0.011363636363636364,-0.4057578822798442,0.012107843255291934,-0.38486482090334184,0.012107251620576485,Classroom
"Koenka, 2022",Experimental,Feedback_Performance,Self-Efficacy,Performance,,Classroom,Grades,between_groups,change_scores,cohen_d_to_fisher_z,67,-0.05109464853024809,-0.05050281862449232,-0.025538991411706204,-0.025544546103617564,0.125,0.015625,-0.2705400441711243,0.2194509519638892,-0.26412727604359154,0.21599469070269792,Classroom
"Koenka, 2022",Experimental,Feedback_Performance,Self-Efficacy,Performance,,Classroom,Written_Comments,between_groups,change_scores,cohen_d_to_fisher_z,57,0.01625167858036545,0.01602905284638784,0.00812557103187278,0.008125749868974838,0.13608276348795434,0.018518518518518517,-0.2585915654840979,0.2748430652220476,-0.2529777051239372,0.26812553561903585,Classroom
Rakoczy et al. (2017),Experimental,Feedback_Formative,Self-Efficacy,Formative,,Classroom,Written_Process_Feedback,between_groups,change_scores,cohen_d_to_fisher_z,620,0.37065462718422615,0.37020462156643874,0.18222437363139846,0.18428250088738873,0.04025848411142373,0.0016207455429497568,0.10537732195682023,0.2631876798179572,0.10498899676831311,0.257274652243722,Classroom
Koponen et al. (2021),Experimental,Feedback_Self-Efficacy,Self-Efficacy,Self-Efficacy,,Small_Groups,Self-Efficacy+Skill,between_groups,change_scores,cohen_d_to_fisher_z,79,0.6428735001261499,0.636591348659119,0.30601623756039925,0.3161440898174353,0.11470786693528089,0.013157894736842105,0.09132080188087185,0.5409673777539987,0.09106778957481643,0.49371988642631404,Small_Groups
Koponen et al. (2021),Experimental,Feedback_Self-Efficacy,Self-Efficacy,Self-Efficacy,,Small_Groups,Skill,between_groups,change_scores,cohen_d_to_fisher_z,83,0.4207608718234489,0.4168528761099184,0.20587378268425396,0.20885865075762441,0.11180339887498948,0.0125,-0.010271984386520966,0.42798928590176977,-0.010271623123534452,0.40363955715100075,Small_Groups
Koponen et al. (2021),Experimental,Feedback_Self-Efficacy,Self-Efficacy,Self-Efficacy,,Small_Groups,Self-Efficacy+Skill_low,between_groups,change_scores,cohen_d_to_fisher_z,25,0.8182715748347937,0.7912955888512291,0.3786684270178318,0.39850426548979545,0.21320071635561044,0.045454545454545456,-0.019361460045340673,0.8163699910249316,-0.019359041089488264,0.6730892863911847,Small_Groups
Koponen et al. (2021),Experimental,Feedback_Self-Efficacy,Self-Efficacy,Self-Efficacy,,Small_Groups,Skill_low,between_groups,change_scores,cohen_d_to_fisher_z,29,0.015082269568609679,0.014659402197527165,0.007540920366132039,0.007541063310361235,0.19611613513818404,0.038461538461538464,-0.37683949834766967,0.39192162496839217,-0.35995961029292906,0.3730156612040518,Small_Groups
Schunk (1982),Experimental,Feedback_Attributional,Persistence_Easy_Tasks,Attributional,,Individual,Attributions_Past+Monitoring,between_groups,change_scores,cohen_d_to_fisher_z,20,0.9064654711512798,0.8681641132153103,0.4128117871518816,0.43899588465894857,0.24253562503633297,0.058823529411764705,-0.03636520538017507,0.9143569746980722,-0.03634918373120559,0.7232169006375045,Individual
Schunk (1982),Experimental,Feedback_Attributional,Persistence_Easy_Tasks,Attributional,,Individual,Attributions_Future+Monitoring,between_groups,change_scores,cohen_d_to_fisher_z,20,1.0071894445550391,0.9646321440808826,0.44978022166693066,0.48442472864211106,0.24253562503633297,0.058823529411764705,0.009063638602987423,0.9597858186812347,0.009063390419881074,0.7441813161377028,Individual
Schunk (1982),Experimental,Feedback_Attributional,Persistence_Easy_Tasks,Attributional,,Individual,Monitoring,between_groups,change_scores,cohen_d_to_fisher_z,20,1.0089402088235375,0.966308932394374,0.4504035632354028,0.48520642930073904,0.24253562503633297,0.058823529411764705,0.009845339261615405,0.9605675193398626,0.00984502116872281,0.7445299035595345,Individual
Schunk (1982),Experimental,Feedback_Attributional,Persistence_Hard_Tasks,Attributional,,Individual,Attributions_Past+Monitoring,between_groups,change_scores,cohen_d_to_fisher_z,20,1.349123354636694,1.2921181424689465,0.5592231932038232,0.6317021914280015,0.24253562503633297,0.058823529411764705,0.1563411013888779,1.1070632814671253,0.1550796420557459,0.8030218553263296,Individual
Schunk (1982),Experimental,Feedback_Attributional,Persistence_Hard_Tasks,Attributional,,Individual,Attributions_Future+Monitoring,between_groups,change_scores,cohen_d_to_fisher_z,20,0.5635556762451177,0.5397434645727889,0.2712163564865969,0.2781762897250296,0.24253562503633297,0.058823529411764705,-0.19718480031409402,0.7535373797641532,-0.19466829531154814,0.6372545633616099,Individual
Schunk (1982),Experimental,Feedback_Attributional,Persistence_Hard_Tasks,Attributional,,Individual,Monitoring,between_groups,change_scores,cohen_d_to_fisher_z,20,0.6286509919624924,0.6020882739922463,0.2998611359519536,0.30936701333244315,0.24253562503633297,0.058823529411764705,-0.16599407670668048,0.7847281033715667,-0.16448609282703727,0.6554121448389197,Individual
Schunk (1982),Experimental,Feedback_Attributional,Self-Efficacy,Attributional,,Individual,Attributions_Past+Monitoring,between_groups,change_scores,cohen_d_to_fisher_z,20,3.8905464922278252,3.7261572038238326,0.8893670472417637,1.4188895831200872,0.24253562503633297,0.058823529411764705,0.9435284930809635,1.8942506731592108,0.7368392113803709,0.9557425432445258,Individual
Schunk (1982),Experimental,Feedback_Attributional,Self-Efficacy,Attributional,,Individual,Attributions_Future+Monitoring,between_groups,change_scores,cohen_d_to_fisher_z,20,0.20868250309207542,0.19986493253888915,0.10377786100888929,0.10415284425424712,0.24253562503633297,0.058823529411764705,-0.37120824578487654,0.5795139342933707,-0.3550481004818141,0.522312057250101,Individual
Schunk (1982),Experimental,Feedback_Attributional,Self-Efficacy,Attributional,,Individual,Monitoring,between_groups,change_scores,cohen_d_to_fisher_z,20,0.8178064193007667,0.7832512184852414,0.37848401204898313,0.3982889984589742,0.24253562503633297,0.058823529411764705,-0.07707209158014944,0.8736500884980978,-0.07691984780969852,0.7032239034246496,Individual
Schunk (1982),Experimental,Feedback_Attributional,Skill,Attributional,,Individual,Attributions_Past+Monitoring,between_groups,change_scores,cohen_d_to_fisher_z,20,4.784577316209524,4.582412077496445,0.9226363722995928,1.6064679449729646,0.24253562503633297,0.058823529411764705,1.131106854933841,2.0818290350120883,0.8113977408099786,0.9693750972946651,Individual
Schunk (1982),Experimental,Feedback_Attributional,Skill,Attributional,,Individual,Attributions_Future+Monitoring,between_groups,change_scores,cohen_d_to_fisher_z,20,0.6797704848608184,0.6510477883174035,0.3218053371838629,0.33365970040689996,0.24253562503633297,0.058823529411764705,-0.14170138963222367,0.8090207904460236,-0.14076052485976662,0.6690497255221148,Individual
Schunk (1982),Experimental,Feedback_Attributional,Skill,Attributional,,Individual,Monitoring,between_groups,change_scores,cohen_d_to_fisher_z,20,0.5372267356014834,0.5145270143788855,0.25941746477162353,0.2654837386063694,0.24253562503633297,0.058823529411764705,-0.2098773514327542,0.7408448286454931,-0.20684910185031954,0.629655315636382,Individual
Schunk (1983),Experimental,Feedback_Attributional,Persistence,Attributional,,Individual,Ability,between_groups,change_scores,cohen_d_to_fisher_z,22,-0.05655899896901515,-0.0544111888815842,-0.02826819827914209,-0.028275731512579238,0.22941573387056177,0.05263157894736842,-0.4779223073857061,0.42137084436054767,-0.4445781137648981,0.3980846658953582,Individual
Schunk (1983),Experimental,Feedback_Attributional,Persistence,Attributional,,Individual,Effort,between_groups,change_scores,cohen_d_to_fisher_z,22,-0.09141154708972515,-0.08794022251669761,-0.045658108126532405,-0.04568987512384656,0.22941573387056177,0.05263157894736842,-0.49533645099697343,0.40395670074928036,-0.4584416252037498,0.38332936932476414,Individual
Schunk (1983),Experimental,Feedback_Attributional,Persistence,Attributional,,Individual,Ability_Effort,between_groups,change_scores,cohen_d_to_fisher_z,22,-0.3365762090763958,-0.3237948340481782,-0.16595452190774945,-0.1675037158407326,0.22941573387056177,0.05263157894736842,-0.6171502917138595,0.2821428600323943,-0.549140780941659,0.274887184253853,Individual
Schunk (1983),Experimental,Feedback_Attributional,Self-Efficacy,Attributional,,Individual,Ability,between_groups,change_scores,cohen_d_to_fisher_z,22,3.514375523787365,3.3809182254156926,0.8691168968623375,1.3294583841356833,0.22941573387056177,0.05263157894736842,0.8798118082625563,1.7791049600088102,0.7063250291201809,0.9445988114145485,Individual
Schunk (1983),Experimental,Feedback_Attributional,Self-Efficacy,Attributional,,Individual,Effort,between_groups,change_scores,cohen_d_to_fisher_z,22,1.6058821968029056,1.5448993285698838,0.6260924106086451,0.7349632209454459,0.22941573387056177,0.05263157894736842,0.28531664507231896,1.1846097968185727,0.27781858139917176,0.8288996561461558,Individual
Schunk (1983),Experimental,Feedback_Attributional,Self-Efficacy,Attributional,,Individual,Ability_Effort,between_groups,change_scores,cohen_d_to_fisher_z,22,1.2360960253152473,1.189155669923529,0.5257397442679147,0.5842392079481851,0.22941573387056177,0.05263157894736842,0.13459263207505817,1.033885783821312,0.13378575515815472,0.775462114774284,Individual
Schunk (1983),Experimental,Feedback_Attributional,Skill,Attributional,,Individual,Ability,between_groups,change_scores,cohen_d_to_fisher_z,22,2.8646033169695957,2.7558209125277124,0.8199335527553459,1.1566146678997342,0.22941573387056177,0.05263157894736842,0.7069680920266073,1.6062612437728612,0.6087720819046871,0.9226056212598565,Individual
Schunk (1983),Experimental,Feedback_Attributional,Skill,Attributional,,Individual,Effort,between_groups,change_scores,cohen_d_to_fisher_z,22,1.425230416030042,1.3711077420035847,0.5803370183174459,0.6629707207053157,0.22941573387056177,0.05263157894736842,0.2133241448321888,1.1126172965784427,0.2101460551760378,0.804985617996287,Individual
Schunk (1983),Experimental,Feedback_Attributional,Skill,Attributional,,Individual,Ability_Effort,between_groups,change_scores,cohen_d_to_fisher_z,22,1.0773593068040546,1.0364469280646602,0.4742486807732633,0.5155377231131588,0.22941573387056177,0.05263157894736842,0.06589114724003192,0.9651842989862858,0.06579595393578618,0.7465804249681506,Individual
Schunk (1981),Experimental,Feedback_Attributional,Persistence,Attributional,,Individual,Cognitive_Modeling_Effort,between_groups,change_scores,cohen_d_to_fisher_z,20,2.6582815430891276,2.5459597877473334,0.7990916666750052,1.0960942179825646,0.24253562503633297,0.058823529411764705,0.6207331279434409,1.5714553080216882,0.5516382684051787,0.9172569394691685,Individual
Schunk (1981),Experimental,Feedback_Attributional,Persistence,Attributional,,Individual,Cognitive_Modeling,between_groups,change_scores,cohen_d_to_fisher_z,20,1.4044795232595555,1.3451353180514054,0.5746918679303068,0.6545004849245621,0.24253562503633297,0.058823529411764705,0.1791393948854385,1.1298615749636858,0.1772474276717728,0.8109718811226186,Individual
Schunk (1981),Experimental,Feedback_Attributional,Persistence,Attributional,,Individual,Didactic_Effort,between_groups,change_scores,cohen_d_to_fisher_z,20,2.137253439433196,2.0469469560768636,0.7301633666573493,0.9290772002232476,0.24253562503633297,0.058823529411764705,0.45371611018412394,1.4044382902623713,0.42494885672302674,0.8863072343561209,Individual
Schunk (1981),Experimental,Feedback_Attributional,Persistence,Attributional,,Individual,Didactic,between_groups,change_scores,cohen_d_to_fisher_z,20,1.366991125188417,1.3092309368001742,0.5642818026462734,0.6390931937778972,0.24253562503633297,0.058823529411764705,0.16373210373877356,1.1144542838170208,0.162284503688761,0.8056312786188747,Individual
Schunk (1981),Experimental,Feedback_Attributional,Self-Efficacy,Attributional,,Individual,Cognitive_Modeling_Effort,between_groups,change_scores,cohen_d_to_fisher_z,20,1.3581220895600845,1.3007366491561374,0.561778733393623,0.6354283533442615,0.24253562503633297,0.058823529411764705,0.16006726330513787,1.1107894433833851,0.1587140739293008,0.8043412696706972,Individual
Schunk (1981),Experimental,Feedback_Attributional,Self-Efficacy,Attributional,,Individual,Cognitive_Modeling,between_groups,change_scores,cohen_d_to_fisher_z,20,1.1558409836334065,1.1070026322122768,0.5003702332976757,0.5497999106435595,0.24253562503633297,0.058823529411764705,0.07443882060443585,1.025161000682683,0.07430163274100429,0.7719603022463387,Individual
Schunk (1981),Experimental,Feedback_Attributional,Self-Efficacy,Attributional,,Individual,Didactic_Effort,between_groups,change_scores,cohen_d_to_fisher_z,20,1.4232518867067605,1.3631144830430946,0.5798023399388378,0.6621648985632407,0.24253562503633297,0.058823529411764705,0.18680380852411704,1.1375259886023643,0.18466083484717385,0.8135793404737979,Individual
Schunk (1981),Experimental,Feedback_Attributional,Self-Efficacy,Attributional,,Individual,Didactic,between_groups,change_scores,cohen_d_to_fisher_z,20,0.7231354653076907,0.6925804456468024,0.3400243140213156,0.3541200213283609,0.24253562503633297,0.058823529411764705,-0.12124106871076273,0.8294811113674845,-0.12065048410601636,0.6801972892259676,Individual
Schunk (1981),Experimental,Feedback_Attributional,Skill,Attributional,,Individual,Cognitive_Modeling_Effort,between_groups,change_scores,cohen_d_to_fisher_z,20,2.650514486546059,2.538520916692,0.7982453758270623,1.0937572250298944,0.24253562503633297,0.058823529411764705,0.6183961349907707,1.569118315069018,0.5500103378536016,0.916885403835961,Individual
Schunk (1981),Experimental,Feedback_Attributional,Skill,Attributional,,Individual,Cognitive_Modeling,between_groups,change_scores,cohen_d_to_fisher_z,20,2.7413257704358505,2.6254951040794063,0.8078508497112441,1.120811074022026,0.24253562503633297,0.058823529411764705,0.6454499839829024,1.5961721640611497,0.5685989582767585,0.9210903242864605,Individual
Schunk (1981),Experimental,Feedback_Attributional,Skill,Attributional,,Individual,Didactic_Effort,between_groups,change_scores,cohen_d_to_fisher_z,20,2.2254590702954857,2.131425588452015,0.7437780710437202,0.9588826823070465,0.24253562503633297,0.058823529411764705,0.4835215922679229,1.43424377234617,0.44905949924053534,0.8925329945062679,Individual
Schunk (1981),Experimental,Feedback_Attributional,Skill,Attributional,,Individual,Didactic,between_groups,change_scores,cohen_d_to_fisher_z,20,2.2955665009347834,2.198570733289652,0.7539781888538212,0.9821107712839539,0.24253562503633297,0.058823529411764705,0.5067496812448302,1.4574718613230775,0.46740884288673223,0.8971604677572603,Individual
